{ 
    "Helwan": [29.84906191769565, 31.334237561643143],
    "Ain Helwan": [29.862761605356884, 31.32486801809457],
    "Helwan University": [29.869596738962727, 31.320052093448435],
    "Wadi Hof": [29.879095944786293, 31.313587588440267],
    "Hadayek Helwan": [29.89736212177532, 31.304208619225967],
    "El-Maasara": [29.90756922841189, 31.298927839519713],
    "Tora El-Asmant": [29.927458450534726, 31.287224794905118],
    "Kozzika": [29.936313329299487, 31.2818111986492],
    "Tora El-Balad": [29.946893424944115, 31.273130200530844],
    "Sakanat El-Maadi": [29.953431016384638, 31.26312765820215],
    "Maadi": [29.960634577853384, 31.260123538243764],
    "Hadayek El-Maadi": [29.97064508761324, 31.251444348734633],
    "Dar El-Salam": [29.9821005700511, 31.242199846834566],
    "El-Zahraa'": [29.995597891059123, 31.23123448408472],
    "Mar Girgis": [30.00628459234549, 31.2296931698484],
    "El-Malek El-Saleh": [30.017821908466566, 31.231150378425546],
    "Al-Sayeda Zeinab": [30.029435594147966, 31.235527356355405],
    "Saad Zaghloul": [30.03716330660409, 31.23859803121748],
    "Sadat": [30.043751997953954, 31.236172033066193],
    "Nasser": [30.053546289258563, 31.238818878625818],
    "Orabi": [30.056846339150496, 31.242118569849474],
    "Al-Shohadaa": [30.061078512590992, 31.246054887499312],
    "Ghamra": [30.06915896458159, 31.26483137354728],
    "El-Demerdash": [30.07741929321031, 31.2778251753962],
    "Manshiet El-Sadr": [30.082152282533453, 31.287620327521278],
    "Kobri El-Qobba": [30.087336223959124, 31.29413628334372],
    "Hammamat El-Qobba": [30.091382362999916, 31.298533522251798],
    "Saray El-Qobba": [30.097740597637987, 31.304658128903444],
    "Hadayeq El-Zaitoun": [30.106019516119492, 31.310740788890172],
    "Helmeyet El-Zaitoun": [30.113477514489826, 31.314383121423297],
    "El-Matareyya": [30.12240960044098, 31.313832855861047],
    "Ain Shams": [30.1310275124241, 31.319074368555608],
    "Ezbet El-Nakhl": [30.139544052984263, 31.324462479924186],
    "El-Marg": [30.15300439731469, 31.335931412959958],
    "New El-Marg": [30.1636352978875, 31.338375133177156],
    "El-Mounib": [29.98170979729535, 31.21205019292012], 
    "Sakiat Mekky": [29.99561456924619, 31.20895640422959], 
    "Omm El-Masryeen": [30.005822070573107, 31.208058816427346], 
    "El Giza": [30.011256673677103, 31.20726483660761], 
    "Faisal": [30.017176331357508, 31.20395047751951], 
    "Cairo University": [30.02614307335209, 31.201188610605314], 
    "El Bohoth": [30.037279338754765, 31.202357246164834], 
    "Dokki": [30.04142747720631, 31.211455268253008], 
    "Opera": [30.042068412649463, 31.22507595635571], 
    "Mohamed Naguib": [30.04553518036085, 31.244237398684778], 
    "Attaba": [30.05257813824589, 31.24703903121796], 
    "Masarra": [30.071158380108532, 31.245048039088836], 
    "Road El-Farag": [30.08104300956443, 31.24621156244621], 
    "St. Teresa": [30.08946068682156, 31.245416762179413], 
    "Khalafawy": [30.098012506509757, 31.24537079498871], 
    "Mezallat": [30.104992090355463, 31.245832088961123], 
    "Kolleyyet El-Zeraa": [30.113793963542676, 31.248809371699714],  
    "Shubra El-Kheima": [30.12292697348499, 31.24562652098772], 
    "Bab El Shaaria": [30.054255411416953, 31.256048658204616],
    "El Geish": [30.0619469736374, 31.26697855635638],
    "Abdou Pasha": [30.064948111600305, 31.27497530238257],
    "Abbassia": [30.073479363957595, 31.283418703677697],
    "Fair Zone": [30.07335027547797, 31.30132187051607],
    "Stadium": [30.072900383100663, 31.317042249630664],
    "Koleyet El-Banat": [30.08407763833183, 31.32905109673191],
    "Al-Ahram": [30.091873783041457, 31.326337155174922],
    "Haroun": [30.101527767626077, 31.332991455175115],
    "Heliopolis Square": [30.10938684672093, 31.337932221672705],
    "Alf Maskan": [30.119152178906727, 31.340305014694323],
    "Nadi El-Shams": [30.1257683601957, 31.350347169031185],
    "El-Nozha": [30.128771217837116, 31.361625792419122],
    "Hesham Barakat": [30.131007649694165, 31.372784540113347],
    "Qobaa": [30.1367466450721, 31.38609609715129],
    "Omar Ibn El-Khattab": [30.140583796785585, 31.394366054509728],
    "El Haykestep": [30.14392092058691, 31.404761369851744],
    "Adly Mansour": [30.147168824782767, 31.421596761904524]
}